Workbook

Sheet Dashboard
A1: The Dam — GamerExchange — Performance Tracker
A2: Auto-populated from Supabase export. Run: node server/scripts/exportClientData.js gamerexchange
A4: KEY METRICS
A5: Metric | B5: Value | C5: Notes
A6: Total Leads Found | B6: =COUNTA(Leads!A:A)-1 | C6: All prospects sourced
A7: Messages Drafted | B7: =COUNTA(Messages!A:A)-1 | C7: By Sales Beaver
A8: Ranger Pass Rate | B8: =IFERROR(COUNTIF(Messages!H:H,"sent")/COUNTA(Messages!A:A)-1,"-") | C8: % passing Ranger gates
A9: Emails Sent | B9: =COUNTIF(Messages!H:H,"sent") | C9: Approved & delivered
A10: Replies Received | B10: =COUNTIF(Leads!G:G,"replied") | C10: Prospects who replied
A11: Reply Rate | B11: =IFERROR(Dashboard!B10/Dashboard!B9,"-") | C11: Replies / Sent
A12: Meetings Booked | B12: =COUNTIF(Leads!G:G,"meeting_booked") | C12: Booked via pipeline
A13: Meeting Rate | B13: =IFERROR(Dashboard!B12/Dashboard!B9,"-") | C13: Meetings / Sent
A14: P1 Leads | B14: =COUNTIF(Leads!F:F,"P1") | C14: High-signal prospects
A15: P2 Leads | B15: =COUNTIF(Leads!F:F,"P2") | C15: Medium-signal prospects
A16: Ranger Rejections | B16: =COUNTIF(Messages!H:H,"ranger_rejected") | C16: Messages blocked by Ranger
A18: PIPELINE FUNNEL
A19: Stage | B19: Count
A20: Prospecting | B20: =COUNTIF(Leads!I:I,"prospecting")
A21: Outreach | B21: =COUNTIF(Leads!I:I,"outreach")
A22: Qualifying | B22: =COUNTIF(Leads!I:I,"qualifying")
A23: Booked | B23: =COUNTIF(Leads!I:I,"booked")
A24: Closed Won | B24: =COUNTIF(Leads!G:G,"closed_won")
A25: Closed Lost | B25: =COUNTIF(Leads!G:G,"closed_lost")

Sheet Leads
A1: Date Added | B1: Name | C1: Company | D1: Title | E1: Email | F1: Signal Tier | G1: Status | H1: Score | I1: Pipeline Stage | J1: Source | K1: Apollo Enriched | L1: Email Verified | M1: LinkedIn URL | N1: Notes / Angle

Sheet Messages
A1: Date Created | B1: Lead Name | C1: Company | D1: Channel | E1: Subject Line | F1: Body Preview | G1: Ranger Score | H1: Status | I1: Ranger Notes | J1: Sent At | K1: Gmail Thread ID | L1: Reply Detected

Sheet Weekly KPIs
A1: Week Starting | B1: Leads Found | C1: Emails Sent | D1: Replies | E1: Meetings Booked | F1: Reply Rate | G1: Meeting Rate | H1: Ranger Pass Rate | I1: P1 Leads | J1: P2 Leads | K1: Best Performing Angle | L1: Director Notes
F2: =IFERROR(D2/C2,"-") | G2: =IFERROR(E2/C2,"-")
F3: =IFERROR(D3/C3,"-") | G3: =IFERROR(E3/C3,"-")
F4: =IFERROR(D4/C4,"-") | G4: =IFERROR(E4/C4,"-")
F5: =IFERROR(D5/C5,"-") | G5: =IFERROR(E5/C5,"-")
F6: =IFERROR(D6/C6,"-") | G6: =IFERROR(E6/C6,"-")
F7: =IFERROR(D7/C7,"-") | G7: =IFERROR(E7/C7,"-")
F8: =IFERROR(D8/C8,"-") | G8: =IFERROR(E8/C8,"-")
F9: =IFERROR(D9/C9,"-") | G9: =IFERROR(E9/C9,"-")
F10: =IFERROR(D10/C10,"-") | G10: =IFERROR(E10/C10,"-")
F11: =IFERROR(D11/C11,"-") | G11: =IFERROR(E11/C11,"-")
F12: =IFERROR(D12/C12,"-") | G12: =IFERROR(E12/C12,"-")
F13: =IFERROR(D13/C13,"-") | G13: =IFERROR(E13/C13,"-")
... F53: =IFERROR(D53/C53,"-") | G53: =IFERROR(E53/C53,"-")

Sheet Agent Memory
A1: Date | B1: Agent | C1: Memory Type | D1: Key | E1: Summary | F1: Last Updated
